1,2,1,0,60,-1,-1,-1,-1,-1,-1,-1
2,3,3,0,60,61,-1,-1,-1,-1,-1,-1
3,4,7,0,60,61,62,-1,-1,-1,-1,-1
4,5,15,0,60,61,62,63,-1,-1,-1,-1
5,6,31,0,60,61,62,63,64,-1,-1,-1
6,7,63,0,60,61,62,63,64,65,-1,-1
7,8,127,0,60,61,62,63,64,65,66,-1
8,1,255,0,60,61,62,63,64,65,66,67
0,3,255,4,60,61,62,63,64,65,66,67
0,3,255,36,60,61,62,63,64,65,66,67
0,6,255,36,60,61,62,63,64,65,66,67
0,6,255,36,60,61,62,63,64,65,66,67
6,3,255,4,60,61,62,63,64,70,66,67
3,1,255,0,60,61,71,63,64,70,66,67
1,2,255,0,72,61,71,63,64,70,66,67
0,1,0,0,-1,-1,-1,-1,-1,-1,-1,-1
1,2,1,0,60,-1,-1,-1,-1,-1,-1,-1
2,3,3,0,60,60,-1,-1,-1,-1,-1,-1
0,3,3,3,60,60,-1,-1,-1,-1,-1,-1
0,1,2,2,-1,60,-1,-1,-1,-1,-1,-1
1,3,3,2,72,60,-1,-1,-1,-1,-1,-1
