220.000000000,1.000000000,1.000000000,0.000000000,0.000000000,0
440.000000000,1.000000000,1.000000000,0.000000000,0.000000000,0
440.000000000,4.000000000,4.000000000,0.000000000,0.000000000,0
146.832382202,0.561231017,0.561231017,0.000000000,0.000000000,0
220.000000000,2.000000000,1.000000000,12.000000000,1.000000000,0
440.000000000,1.000000000,1.000000000,0.000000000,1.000000000,0
3520.000000000,8.000000000,2.000000000,24.000000000,1.000000000,0
3520.000000000,8.000000000,2.000000000,24.000000000,1.000000000,1
440.000000000,0.062500000,0.250000000,-24.000000000,1.000000000,1
2093.004638672,0.050000001,0.200000003,-24.000000000,1.000000000,1
32000.000000000,8.000000000,2.000000000,24.000000000,1.000000000,1
330.000000000,0.500000000,1.000000000,-12.000000000,1.000000000,1
261.625579834,1.889881611,1.000000000,11.019550323,1.000000000,1
494.441345215,1.889881611,1.889881611,0.000000000,0.000000000,0
