mode,visited,mean_us,median_us,p95_us,max_us
selected-only,1,4.459,3.510,9.930,18.940
persistent,1,8.097,7.390,10.140,19.560
persistent,2,30.351,32.689,37.039,44.710
persistent,21,121.662,110.499,159.008,312.186
selected-only,1,3.835,3.510,4.860,29.940
persistent,1,7.813,7.330,10.609,22.260
persistent,2,25.718,23.510,34.209,46.020
persistent,21,113.171,107.418,149.838,195.877
selected-only,1,3.889,3.470,4.770,23.360
persistent,1,8.103,7.370,10.820,30.780
persistent,2,25.418,23.480,33.730,48.669
persistent,21,110.351,106.518,139.448,154.958
